{"best/epoch": 37, "best/precision": 0.819097774925712, "best/recall": 0.42838552838552846, "best/mAP_0.5": 0.5322359662529981, "best/mAP_0.5:0.95": 0.3061617474693487, "Labels": [], "train/box_loss": 0.06531354039907455, "train/obj_loss": 0.03459429740905762, "train/cls_loss": 0.004679880104959011, "metrics/precision": 0.8021885521885521, "metrics/recall": 0.37142857142857144, "metrics/mAP_0.5": 0.4238707923965957, "metrics/mAP_0.5:0.95": 0.2806117136955296, "val/box_loss": 0.047335170209407806, "val/obj_loss": 0.01464623212814331, "val/cls_loss": 0.0070142000913619995, "x/lr0": 0.0014865226571458851, "x/lr1": 0.0014865226571458851, "x/lr2": 0.0862865226571459, "_runtime": 164, "_timestamp": 1641006057, "_step": 50, "Mosaics": {"_type": "images/separated", "width": 1920, "height": 1920, "format": "jpg", "count": 3, "captions": ["train_batch0.jpg", "train_batch1.jpg", "train_batch2.jpg"]}, "BoundingBoxDebugger": {"_type": "images/separated", "width": 672, "height": 672, "format": "png", "count": 15, "captions": ["2385899600_94b68350af_b_jpg.rf.219aeef04386031a119f8ef6170df41f.jpg", "7178882742_f090f3ce56_k_jpg.rf.9050262f911f1cf872a608e43536f111.jpg", "4552737035_3a0a4105fb_b_jpg.rf.43e7684624b966ab5c47ec748c1d21d8.jpg", "6483318883_21facf57cd_b_jpg.rf.d2625b1f0c298bcf188b0a6202558e6b.jpg", "8436015314_3a678c1005_k_jpg.rf.820da9dd716387c6f05936a86246beca.jpg", "8758393087_76fcd56bd3_k_jpg.rf.4114ad5134219e481273c5c08fd6654a.jpg", "9330497995_4cf0438cb6_k_jpg.rf.973fb071317ee786b5a0e2d2b415dd31.jpg", "7488015492_0583857ca0_k_jpg.rf.90c4abc9941b5af68fa28177a0c0f8b3.jpg", "321888854_3723b6f10b_b_jpg.rf.f3ed5f52a5e4dad18e534d4565452667.jpg", "485227412_e335662bb5_b_jpg.rf.68868bb4538f2d67f2f1e949085b7b87.jpg", "7308740338_591f27b631_k_jpg.rf.3a3a7e4371666680c825f3833bbe0c77.jpg", "873768102_7d931e5fa3_b_jpg.rf.132acc38c689da9e17bfb87e5d3e6c27.jpg", "4057490235_2ffdf7d68b_b_jpg.rf.fed8dd9fd2b3659b2634a1a653213a9e.jpg", "605521662_a470fef77f_b_jpg.rf.b54bbd114ff286910e9ef7c7d0d3d5a3.jpg", "9210739293_2b0e0d991e_k_jpg.rf.1ad54eccf75f99603bf27d6504a14aed.jpg"], "all_boxes": [{"predictions": {"_type": "boxes2D", "path": "media/metadata/boxes2D/BoundingBoxDebugger_49_00.boxes2D.json", "sha256": "c0d37692ed9938a14e0f6116d73d19fc96b2f5f438cd67b05f18374a9eb239a8", "size": 58326}}, {"predictions": {"_type": "boxes2D", "path": "media/metadata/boxes2D/BoundingBoxDebugger_49_10.boxes2D.json", "sha256": "ec8eb9702376cb6bb7672f2098779fd33e013ac808369598ea6ee2e1dfd1b0d3", "size": 58000}}, {"predictions": {"_type": "boxes2D", "path": "media/metadata/boxes2D/BoundingBoxDebugger_49_20.boxes2D.json", "sha256": "fb6870b5137139cef085ced7708cca461b7c6bd846bdc28807438759f37f4878", "size": 58301}}, {"predictions": {"_type": "boxes2D", "path": "media/metadata/boxes2D/BoundingBoxDebugger_49_30.boxes2D.json", "sha256": "9c32664de9234f52f99474c572d4befbe0446071041cdb294f60f154d21eb9c6", "size": 57966}}, {"predictions": {"_type": "boxes2D", "path": "media/metadata/boxes2D/BoundingBoxDebugger_49_40.boxes2D.json", "sha256": "d3f583d3dd54b4faae9d3f253615a8f683d9550e725f7fcd8b93021b9896c64e", "size": 58271}}, {"predictions": {"_type": "boxes2D", "path": "media/metadata/boxes2D/BoundingBoxDebugger_49_50.boxes2D.json", "sha256": "fa6a757844a419e196b6e841aaba55c92b19335b1206c391230028be2702026a", "size": 58370}}, {"predictions": {"_type": "boxes2D", "path": "media/metadata/boxes2D/BoundingBoxDebugger_49_60.boxes2D.json", "sha256": "f00f85bc69f720c31be9d1a90cbb01ca9568e5239caadb358a778c1cdeb5e436", "size": 58036}}, {"predictions": {"_type": "boxes2D", "path": "media/metadata/boxes2D/BoundingBoxDebugger_49_70.boxes2D.json", "sha256": "63ea8a74d7e71368c233b5ea445f1abcacf6a27dad16357ec0b708a123671a0c", "size": 58158}}, {"predictions": {"_type": "boxes2D", "path": "media/metadata/boxes2D/BoundingBoxDebugger_49_80.boxes2D.json", "sha256": "c25821595d07200ef1b6e0f51a5f2a9d49c5c2e956e0a1ac9c2f73651175811a", "size": 58017}}, {"predictions": {"_type": "boxes2D", "path": "media/metadata/boxes2D/BoundingBoxDebugger_49_90.boxes2D.json", "sha256": "ab41c5c8002ac2417e53f3d3d040d16749c264d217bbf92ef85b7501da39fa72", "size": 58076}}, {"predictions": {"_type": "boxes2D", "path": "media/metadata/boxes2D/BoundingBoxDebugger_49_100.boxes2D.json", "sha256": "457016800c9ac2ec537c27dca14e1f85086e1f28dcdef59d9c0172b0e72308c3", "size": 58186}}, {"predictions": {"_type": "boxes2D", "path": "media/metadata/boxes2D/BoundingBoxDebugger_49_110.boxes2D.json", "sha256": "8a0c8cc30260183415f8bbd951cdf0787f5155e4822f07653be04ed355998aaa", "size": 57800}}, {"predictions": {"_type": "boxes2D", "path": "media/metadata/boxes2D/BoundingBoxDebugger_49_120.boxes2D.json", "sha256": "65f39e6263c9ea817f57f77196d14243b9c75a76ba49745e731d37dcc256dd7b", "size": 58652}}, {"predictions": {"_type": "boxes2D", "path": "media/metadata/boxes2D/BoundingBoxDebugger_49_130.boxes2D.json", "sha256": "1a880b702f53f021c0f8d0d7602565f40f0a608e902a2390c4c05af70aa9becc", "size": 58241}}, {"predictions": {"_type": "boxes2D", "path": "media/metadata/boxes2D/BoundingBoxDebugger_49_140.boxes2D.json", "sha256": "23f3e097203b337ee6f4a24d4ed71f77681811cb549312b4c427e9b0ed6f6be1", "size": 58181}}]}, "_wandb": {"runtime": 169}}