{"best/epoch": 0, "best/precision": 0.00029385466553847917, "best/recall": 0.08695652173913043, "best/mAP_0.5": 0.00015888277268093787, "best/mAP_0.5:0.95": 3.93737188397739e-05, "Labels": [], "train/box_loss": 0.07766284048557281, "train/obj_loss": 0.026876308023929596, "train/cls_loss": 0.0, "metrics/precision": 0.00029385466553847917, "metrics/recall": 0.08695652173913043, "metrics/mAP_0.5": 0.00015888277268093787, "metrics/mAP_0.5:0.95": 3.93737188397739e-05, "val/box_loss": 0.02941800467669964, "val/obj_loss": 0.017729321494698524, "val/cls_loss": 0.0, "x/lr0": 6.000000000000001e-05, "x/lr1": 6.000000000000001e-05, "x/lr2": 0.09946, "_runtime": 29, "_timestamp": 1640927126, "_step": 0, "_wandb": {"runtime": 28}}