{"best/epoch": 83, "best/precision": 0.9999574819774133, "best/recall": 1.0, "best/mAP_0.5": 0.995, "best/mAP_0.5:0.95": 0.9949999999999999, "Labels": [], "train/box_loss": 0.008244981989264488, "train/obj_loss": 0.006119327619671822, "train/cls_loss": 0.0, "metrics/precision": 0.9999898685467423, "metrics/recall": 1.0, "metrics/mAP_0.5": 0.995, "metrics/mAP_0.5:0.95": 0.8906881191930598, "val/box_loss": 0.0049559189938008785, "val/obj_loss": 0.0018216179450973868, "val/cls_loss": 0.0, "x/lr0": 0.0011169136023720775, "x/lr1": 0.0011169136023720775, "x/lr2": 0.02291691360237208, "_runtime": 564, "_timestamp": 1640928603, "_step": 86, "Mosaics": {"_type": "images/separated", "width": 1920, "height": 1920, "format": "jpg", "count": 3, "captions": ["train_batch0.jpg", "train_batch1.jpg", "train_batch2.jpg"]}, "BoundingBoxDebugger": {"_type": "images/separated", "width": 672, "height": 672, "format": "png", "count": 16, "captions": ["7308740338_591f27b631_k_jpg.rf.3c96a27831ac83ff03956900efbe61c6.jpg", "9330497995_4cf0438cb6_k_jpg.rf.59b03fb5f628258087dd83d93ac9944c.jpg", "9210739293_2b0e0d991e_k_jpg.rf.92f65b7de9f6cb4630edaa520329b249.jpg", "8758393087_76fcd56bd3_k_jpg.rf.b958e0c99ccf888bc96475a495109885.jpg", "8758393087_76fcd56bd3_k_jpg.rf.9f7fcec0a274dd903a4254db31f26e5d.jpg", "8758393087_76fcd56bd3_k_jpg.rf.582c7f12c355c053e1d3a0307eace988.jpg", "8758393087_76fcd56bd3_k_jpg.rf.4220c5ae6e40ed61a083b5db0252790d.jpg", "8758393087_76fcd56bd3_k_jpg.rf.03a916b41b8471c13230c211547cbbff.jpg", "873768102_7d931e5fa3_b_jpg.rf.e9b0970881dc4411b279f1fb7504c6d6.jpg", "8436015314_3a678c1005_k_jpg.rf.eb18492bfa8f011a699c95b0963be4ed.jpg", "9330497995_4cf0438cb6_k_jpg.rf.7ef8fe8cfd354dcfde67c1d5a76c3dfc.jpg", "8436015314_3a678c1005_k_jpg.rf.aadb7a0be82a0a072707598365dc3d10.jpg", "8436015314_3a678c1005_k_jpg.rf.674c5274680fa2dd4ae1f8d0e9f01f3c.jpg", "8436015314_3a678c1005_k_jpg.rf.56dce91d2bca3dd54aea7935ebdeed17.jpg", "8436015314_3a678c1005_k_jpg.rf.1504950099e5c6fb6830980ab102c702.jpg", "8436015314_3a678c1005_k_jpg.rf.1376e86ab5c3c76909daa98bae39feb8.jpg"], "all_boxes": [{"predictions": {"_type": "boxes2D", "path": "media/metadata/boxes2D/BoundingBoxDebugger_79_00.boxes2D.json", "sha256": "cf1fbbdb9e585b0379c108eeec82a83ad457e505b3f2617e36dd9a083fee4595", "size": 2372}}, {"predictions": {"_type": "boxes2D", "path": "media/metadata/boxes2D/BoundingBoxDebugger_79_10.boxes2D.json", "sha256": "4d57a6348480a5da3a9e97b4a51a424bc4adc2534100c5324a3534a37ea9a5b6", "size": 2940}}, {"predictions": {"_type": "boxes2D", "path": "media/metadata/boxes2D/BoundingBoxDebugger_79_20.boxes2D.json", "sha256": "2ee5508fb39b3ff0e73db8a711140e33077871a453b376e843913ec2521cdf36", "size": 3741}}, {"predictions": {"_type": "boxes2D", "path": "media/metadata/boxes2D/BoundingBoxDebugger_79_30.boxes2D.json", "sha256": "5e570774055f5a3f4e49953389a50900a7fadfc01912c88047d687b8cc948274", "size": 3132}}, {"predictions": {"_type": "boxes2D", "path": "media/metadata/boxes2D/BoundingBoxDebugger_79_40.boxes2D.json", "sha256": "9e673dfa91c6b72d7e731af66676033cef878fd00c649e6569b711e4dff4eeb2", "size": 1783}}, {"predictions": {"_type": "boxes2D", "path": "media/metadata/boxes2D/BoundingBoxDebugger_79_50.boxes2D.json", "sha256": "dbc38c83d75a36efaa5962e665abff53b17b61fc37c6823ece5eed2ebb61e991", "size": 2365}}, {"predictions": {"_type": "boxes2D", "path": "media/metadata/boxes2D/BoundingBoxDebugger_79_60.boxes2D.json", "sha256": "27ab8a4f89b90ee2c548b2093cad21cf345533cdd4fdd2dddb8bc12a77225500", "size": 2746}}, {"predictions": {"_type": "boxes2D", "path": "media/metadata/boxes2D/BoundingBoxDebugger_79_70.boxes2D.json", "sha256": "475e02b685040579ca0e31c2d4d7888daff605e8253797efa01e8aae00b3f496", "size": 3314}}, {"predictions": {"_type": "boxes2D", "path": "media/metadata/boxes2D/BoundingBoxDebugger_79_80.boxes2D.json", "sha256": "bf001d81df5203daaa84640b21f91f0e5078b76449b35fbacd3ba586f53b8fa6", "size": 2160}}, {"predictions": {"_type": "boxes2D", "path": "media/metadata/boxes2D/BoundingBoxDebugger_79_90.boxes2D.json", "sha256": "3a91bb127582e960b1879dbfb2f868613f2c438790f17d2eff0ae24ff632ddb4", "size": 1971}}, {"predictions": {"_type": "boxes2D", "path": "media/metadata/boxes2D/BoundingBoxDebugger_79_100.boxes2D.json", "sha256": "639f26d30e6884d2df4d42376a09042bfd0f811057135340195b3e5eb72bc461", "size": 2774}}, {"predictions": {"_type": "boxes2D", "path": "media/metadata/boxes2D/BoundingBoxDebugger_79_110.boxes2D.json", "sha256": "09ce399b7468efa314bde858ef5d97ab6dc96099766e5633977b2c59c0c7c510", "size": 2557}}, {"predictions": {"_type": "boxes2D", "path": "media/metadata/boxes2D/BoundingBoxDebugger_79_120.boxes2D.json", "sha256": "584018173cc7a6f9df674a62261f24e41a4d4b59adda46dab087b3eca9bae0e2", "size": 2553}}, {"predictions": {"_type": "boxes2D", "path": "media/metadata/boxes2D/BoundingBoxDebugger_79_130.boxes2D.json", "sha256": "ac1022897810a86633ce559eb3cfaafea9aa2932808740b1015648f94f3629f2", "size": 2783}}, {"predictions": {"_type": "boxes2D", "path": "media/metadata/boxes2D/BoundingBoxDebugger_79_140.boxes2D.json", "sha256": "918ed305235fef21c729d5b589b0e1aa3cb9f3cf90d559cbe3a7302e8a8f8dc8", "size": 2363}}, {"predictions": {"_type": "boxes2D", "path": "media/metadata/boxes2D/BoundingBoxDebugger_79_150.boxes2D.json", "sha256": "e8a5f4f28e2a925e34e7e05100c97ec9049493a53e41f56c9e814ae7765cd99a", "size": 2544}}]}}