{"best/epoch": 20, "best/precision": 1.0, "best/recall": 0.999942877660269, "best/mAP_0.5": 0.995, "best/mAP_0.5:0.95": 0.9718269861973774, "Labels": [], "train/box_loss": 0.013063731603324413, "train/obj_loss": 0.010034158825874329, "train/cls_loss": 0.0, "metrics/precision": 0.999800217965012, "metrics/recall": 1.0, "metrics/mAP_0.5": 0.995, "metrics/mAP_0.5:0.95": 0.9718269861973774, "val/box_loss": 0.009307051077485085, "val/obj_loss": 0.004443380981683731, "val/cls_loss": 0.0, "x/lr0": 0.00027563124565670486, "x/lr1": 0.00027563124565670486, "x/lr2": 0.07337563124565671, "_runtime": 247, "_timestamp": 1640928920, "_step": 30, "Mosaics": {"_type": "images/separated", "width": 1920, "height": 1920, "format": "jpg", "count": 3, "captions": ["train_batch0.jpg", "train_batch1.jpg", "train_batch2.jpg"]}, "BoundingBoxDebugger": {"_type": "images/separated", "width": 672, "height": 672, "format": "png", "count": 16, "captions": ["7308740338_591f27b631_k_jpg.rf.3c96a27831ac83ff03956900efbe61c6.jpg", "9330497995_4cf0438cb6_k_jpg.rf.59b03fb5f628258087dd83d93ac9944c.jpg", "9210739293_2b0e0d991e_k_jpg.rf.92f65b7de9f6cb4630edaa520329b249.jpg", "8758393087_76fcd56bd3_k_jpg.rf.b958e0c99ccf888bc96475a495109885.jpg", "8758393087_76fcd56bd3_k_jpg.rf.9f7fcec0a274dd903a4254db31f26e5d.jpg", "8758393087_76fcd56bd3_k_jpg.rf.582c7f12c355c053e1d3a0307eace988.jpg", "8758393087_76fcd56bd3_k_jpg.rf.4220c5ae6e40ed61a083b5db0252790d.jpg", "8758393087_76fcd56bd3_k_jpg.rf.03a916b41b8471c13230c211547cbbff.jpg", "873768102_7d931e5fa3_b_jpg.rf.e9b0970881dc4411b279f1fb7504c6d6.jpg", "8436015314_3a678c1005_k_jpg.rf.eb18492bfa8f011a699c95b0963be4ed.jpg", "9330497995_4cf0438cb6_k_jpg.rf.7ef8fe8cfd354dcfde67c1d5a76c3dfc.jpg", "8436015314_3a678c1005_k_jpg.rf.aadb7a0be82a0a072707598365dc3d10.jpg", "8436015314_3a678c1005_k_jpg.rf.674c5274680fa2dd4ae1f8d0e9f01f3c.jpg", "8436015314_3a678c1005_k_jpg.rf.56dce91d2bca3dd54aea7935ebdeed17.jpg", "8436015314_3a678c1005_k_jpg.rf.1504950099e5c6fb6830980ab102c702.jpg", "8436015314_3a678c1005_k_jpg.rf.1376e86ab5c3c76909daa98bae39feb8.jpg"], "all_boxes": [{"predictions": {"_type": "boxes2D", "path": "media/metadata/boxes2D/BoundingBoxDebugger_29_00.boxes2D.json", "sha256": "6ab57bab688b26f8de95116675b6a68e6146282babdd04856873e919c22c2d3d", "size": 58601}}, {"predictions": {"_type": "boxes2D", "path": "media/metadata/boxes2D/BoundingBoxDebugger_29_10.boxes2D.json", "sha256": "7f36b6ddc437cf932e8032f04e9dcffceb60d77de9bc6ba0c8cda46530b5c2e4", "size": 58534}}, {"predictions": {"_type": "boxes2D", "path": "media/metadata/boxes2D/BoundingBoxDebugger_29_20.boxes2D.json", "sha256": "cda4d34804baa570aa704e594fdef4d6449418b8a8fbf4406e76249bfeb888f9", "size": 58417}}, {"predictions": {"_type": "boxes2D", "path": "media/metadata/boxes2D/BoundingBoxDebugger_29_30.boxes2D.json", "sha256": "a1b0adb2999284029546e944ee4db0d4f73cc2c953296caeb583b8346ae1d873", "size": 58413}}, {"predictions": {"_type": "boxes2D", "path": "media/metadata/boxes2D/BoundingBoxDebugger_29_40.boxes2D.json", "sha256": "aa081365b5be97dc22e589e980bc653ce25c65315feb2d78c98a02afbe7655bb", "size": 58518}}, {"predictions": {"_type": "boxes2D", "path": "media/metadata/boxes2D/BoundingBoxDebugger_29_50.boxes2D.json", "sha256": "be8496c9eec80aa03347b69c0044f6717a350ee1c294de2717e5472ad449f8e1", "size": 58587}}, {"predictions": {"_type": "boxes2D", "path": "media/metadata/boxes2D/BoundingBoxDebugger_29_60.boxes2D.json", "sha256": "82413f99852a5bbc8c5552d83f4c3a771a04f154a9191d734d74df33fc07a69a", "size": 58411}}, {"predictions": {"_type": "boxes2D", "path": "media/metadata/boxes2D/BoundingBoxDebugger_29_70.boxes2D.json", "sha256": "eb23d57c49bffe67cfce9c05ab13b73067e44070178d5be1fe84e45ad0f3a59f", "size": 58494}}, {"predictions": {"_type": "boxes2D", "path": "media/metadata/boxes2D/BoundingBoxDebugger_29_80.boxes2D.json", "sha256": "d3cfdb6cea90eb30bdb5c6d630921151427e636a3506dd694317f28bb9d0c4f9", "size": 58346}}, {"predictions": {"_type": "boxes2D", "path": "media/metadata/boxes2D/BoundingBoxDebugger_29_90.boxes2D.json", "sha256": "acecaadd07601612068b4208db1a48ad7df2c483fb6f1fbd2862072c7175562d", "size": 58427}}, {"predictions": {"_type": "boxes2D", "path": "media/metadata/boxes2D/BoundingBoxDebugger_29_100.boxes2D.json", "sha256": "c7c9da200a68d34747729ab8ebe0ece73e5f54f7ed647c13152a963a598a0fba", "size": 58765}}, {"predictions": {"_type": "boxes2D", "path": "media/metadata/boxes2D/BoundingBoxDebugger_29_110.boxes2D.json", "sha256": "131fc721049d0f3a20f80609ecf8cc5820677dc562e09b2093b4d1cbed1b2bf8", "size": 58507}}, {"predictions": {"_type": "boxes2D", "path": "media/metadata/boxes2D/BoundingBoxDebugger_29_120.boxes2D.json", "sha256": "f84bc6c0a96ae13d74a58603a7a1bf6f315af769247c5e2504d6f99545c998f1", "size": 58568}}, {"predictions": {"_type": "boxes2D", "path": "media/metadata/boxes2D/BoundingBoxDebugger_29_130.boxes2D.json", "sha256": "7b0d6432130f52d21c08f8aef7733621edced2ca2625c67b6e4d0dbf1211d813", "size": 58484}}, {"predictions": {"_type": "boxes2D", "path": "media/metadata/boxes2D/BoundingBoxDebugger_29_140.boxes2D.json", "sha256": "d9f0c38c20f449ad7de467289a3c1dd3fc961d60ead01d7c5ecc0f420a156ce5", "size": 58447}}, {"predictions": {"_type": "boxes2D", "path": "media/metadata/boxes2D/BoundingBoxDebugger_29_150.boxes2D.json", "sha256": "372fadaf1a781c1535b76d4d8b75f9da3f8c63c243b815f43fd9f16cfb522c9e", "size": 58450}}]}, "Validation": {"_type": "images/separated", "width": 1920, "height": 1920, "format": "jpg", "count": 2, "captions": ["val_batch0_labels.jpg", "val_batch0_pred.jpg"]}, "Results": {"_type": "images/separated", "width": 2400, "height": 1200, "format": "png", "count": 6, "captions": ["results.png", "confusion_matrix.png", "F1_curve.png", "PR_curve.png", "P_curve.png", "R_curve.png"]}, "_wandb": {"runtime": 245}}