{"best/epoch": 399, "best/precision": 0.34972165448355924, "best/recall": 0.9857142857142858, "best/mAP_0.5": 0.49603743876737294, "best/mAP_0.5:0.95": 0.44027279425834315, "Labels": [], "train/box_loss": 0.018232181668281555, "train/obj_loss": 0.017764506861567497, "train/cls_loss": 0.0008187467465177178, "metrics/precision": 0.379298386932223, "metrics/recall": 0.9571428571428571, "metrics/mAP_0.5": 0.4735343198687405, "metrics/mAP_0.5:0.95": 0.432035050573727, "val/box_loss": 0.013298451900482178, "val/obj_loss": 0.00931219756603241, "val/cls_loss": 0.008190342225134373, "x/lr0": 0.001000355301082827, "x/lr1": 0.001000355301082827, "x/lr2": 0.001000355301082827, "_runtime": 1097, "_timestamp": 1641007249, "_step": 499, "Mosaics": {"_type": "images/separated", "width": 1920, "height": 1920, "format": "jpg", "count": 3, "captions": ["train_batch0.jpg", "train_batch1.jpg", "train_batch2.jpg"]}, "BoundingBoxDebugger": {"_type": "images/separated", "width": 672, "height": 672, "format": "png", "count": 15, "captions": ["2385899600_94b68350af_b_jpg.rf.219aeef04386031a119f8ef6170df41f.jpg", "7178882742_f090f3ce56_k_jpg.rf.9050262f911f1cf872a608e43536f111.jpg", "4552737035_3a0a4105fb_b_jpg.rf.43e7684624b966ab5c47ec748c1d21d8.jpg", "6483318883_21facf57cd_b_jpg.rf.d2625b1f0c298bcf188b0a6202558e6b.jpg", "8436015314_3a678c1005_k_jpg.rf.820da9dd716387c6f05936a86246beca.jpg", "8758393087_76fcd56bd3_k_jpg.rf.4114ad5134219e481273c5c08fd6654a.jpg", "9330497995_4cf0438cb6_k_jpg.rf.973fb071317ee786b5a0e2d2b415dd31.jpg", "7488015492_0583857ca0_k_jpg.rf.90c4abc9941b5af68fa28177a0c0f8b3.jpg", "321888854_3723b6f10b_b_jpg.rf.f3ed5f52a5e4dad18e534d4565452667.jpg", "485227412_e335662bb5_b_jpg.rf.68868bb4538f2d67f2f1e949085b7b87.jpg", "7308740338_591f27b631_k_jpg.rf.3a3a7e4371666680c825f3833bbe0c77.jpg", "873768102_7d931e5fa3_b_jpg.rf.132acc38c689da9e17bfb87e5d3e6c27.jpg", "4057490235_2ffdf7d68b_b_jpg.rf.fed8dd9fd2b3659b2634a1a653213a9e.jpg", "605521662_a470fef77f_b_jpg.rf.b54bbd114ff286910e9ef7c7d0d3d5a3.jpg", "9210739293_2b0e0d991e_k_jpg.rf.1ad54eccf75f99603bf27d6504a14aed.jpg"], "all_boxes": [{"predictions": {"_type": "boxes2D", "path": "media/metadata/boxes2D/BoundingBoxDebugger_499_00.boxes2D.json", "sha256": "5ef074393d9fd127e80c6d22fe6cc1d4a9dfeac3bb06d5e2a97822db683de2c7", "size": 845}}, {"predictions": {"_type": "boxes2D", "path": "media/metadata/boxes2D/BoundingBoxDebugger_499_10.boxes2D.json", "sha256": "79d7ccfb9b1aeae62f0c773d0e999d50f202b906452357412889fb8f66b6136b", "size": 6692}}, {"predictions": {"_type": "boxes2D", "path": "media/metadata/boxes2D/BoundingBoxDebugger_499_20.boxes2D.json", "sha256": "67d2ea8e2e62693d68d2ad718ae3e4d7c9199a8378b10a7de7749690c28c5b8e", "size": 1436}}, {"predictions": {"_type": "boxes2D", "path": "media/metadata/boxes2D/BoundingBoxDebugger_499_30.boxes2D.json", "sha256": "ef7f46f0e68937ef7013dda447ec5fdf424bec18f1739fb3c3baf0e5d7cdd473", "size": 3183}}, {"predictions": {"_type": "boxes2D", "path": "media/metadata/boxes2D/BoundingBoxDebugger_499_40.boxes2D.json", "sha256": "77dfba7964bb722e54b230d775a37f0abe489ca9312b55fdddf5e1fad21133d1", "size": 4729}}, {"predictions": {"_type": "boxes2D", "path": "media/metadata/boxes2D/BoundingBoxDebugger_499_50.boxes2D.json", "sha256": "209bf7be87c1fc235be8df9fceacf370abbebd97018e520762a429331e6a8ed6", "size": 2928}}, {"predictions": {"_type": "boxes2D", "path": "media/metadata/boxes2D/BoundingBoxDebugger_499_60.boxes2D.json", "sha256": "5bd77d5a4508ae78c2b154df9c21b70f6fec7a20d9c713956def8ee309c90643", "size": 6693}}, {"predictions": {"_type": "boxes2D", "path": "media/metadata/boxes2D/BoundingBoxDebugger_499_70.boxes2D.json", "sha256": "18392ce3026edb0cffef2bbf4a672fbc0ee53a54d5816df807f3086eccbe0779", "size": 2756}}, {"predictions": {"_type": "boxes2D", "path": "media/metadata/boxes2D/BoundingBoxDebugger_499_80.boxes2D.json", "sha256": "f2d3261664aca08c1b1d38fe3381c7ff4d766bac431eafcf2eb259ac730d87ef", "size": 2375}}, {"predictions": {"_type": "boxes2D", "path": "media/metadata/boxes2D/BoundingBoxDebugger_499_90.boxes2D.json", "sha256": "0f9f925708983ab0bf861f9eb7c3f561c4c4b1c997e7493a1873d87570746ac1", "size": 2799}}, {"predictions": {"_type": "boxes2D", "path": "media/metadata/boxes2D/BoundingBoxDebugger_499_100.boxes2D.json", "sha256": "b79eb9abfc09d88efeccb41ff8e23af84f3e1d16e8a8c73a5c556d1981668b55", "size": 3193}}, {"predictions": {"_type": "boxes2D", "path": "media/metadata/boxes2D/BoundingBoxDebugger_499_110.boxes2D.json", "sha256": "562ad3d94e25c17af4e30833ca2b07d70f0e95479713da84d310c18e9e39763a", "size": 1426}}, {"predictions": {"_type": "boxes2D", "path": "media/metadata/boxes2D/BoundingBoxDebugger_499_120.boxes2D.json", "sha256": "65038eb3b3e62a7d95c4b067d87fb7605883baacc89dc17e1fb616297ffa7340", "size": 1410}}, {"predictions": {"_type": "boxes2D", "path": "media/metadata/boxes2D/BoundingBoxDebugger_499_130.boxes2D.json", "sha256": "970053340869035804126b8fa18720cc152cdd2685930909975c8cfae4001c0e", "size": 2960}}, {"predictions": {"_type": "boxes2D", "path": "media/metadata/boxes2D/BoundingBoxDebugger_499_140.boxes2D.json", "sha256": "1b81823b535a35b1b73ebc441ba1a6240b4c0c39b9beac853d7af8a5016d840a", "size": 3206}}]}}