{"best/epoch": 255, "best/precision": 0.40000224935627365, "best/recall": 0.9838709677419355, "best/mAP_0.5": 0.48058619217594556, "best/mAP_0.5:0.95": 0.42633839085091735, "Labels": [], "train/box_loss": 0.02119077742099762, "train/obj_loss": 0.014448380097746849, "train/cls_loss": 0.0009893032256513834, "metrics/precision": 0.4227180989142192, "metrics/recall": 0.8089688775698267, "metrics/mAP_0.5": 0.4803270147529941, "metrics/mAP_0.5:0.95": 0.4134380356525891, "val/box_loss": 0.0161985345184803, "val/obj_loss": 0.008878346532583237, "val/cls_loss": 0.010819527320563793, "x/lr0": 0.0008992218173318202, "x/lr1": 0.0008992218173318202, "x/lr2": 0.010999221817331817, "_runtime": 722, "_timestamp": 1641004329, "_step": 299, "Mosaics": {"_type": "images/separated", "width": 1920, "height": 1920, "format": "jpg", "count": 3, "captions": ["train_batch0.jpg", "train_batch1.jpg", "train_batch2.jpg"]}, "BoundingBoxDebugger": {"_type": "images/separated", "width": 672, "height": 672, "format": "png", "count": 13, "captions": ["2385899600_94b68350af_b_jpg.rf.219aeef04386031a119f8ef6170df41f.jpg", "4552737035_3a0a4105fb_b_jpg.rf.43e7684624b966ab5c47ec748c1d21d8.jpg", "6483318883_21facf57cd_b_jpg.rf.d2625b1f0c298bcf188b0a6202558e6b.jpg", "8436015314_3a678c1005_k_jpg.rf.820da9dd716387c6f05936a86246beca.jpg", "8758393087_76fcd56bd3_k_jpg.rf.4114ad5134219e481273c5c08fd6654a.jpg", "9330497995_4cf0438cb6_k_jpg.rf.973fb071317ee786b5a0e2d2b415dd31.jpg", "7488015492_0583857ca0_k_jpg.rf.90c4abc9941b5af68fa28177a0c0f8b3.jpg", "321888854_3723b6f10b_b_jpg.rf.f3ed5f52a5e4dad18e534d4565452667.jpg", "485227412_e335662bb5_b_jpg.rf.68868bb4538f2d67f2f1e949085b7b87.jpg", "873768102_7d931e5fa3_b_jpg.rf.132acc38c689da9e17bfb87e5d3e6c27.jpg", "4057490235_2ffdf7d68b_b_jpg.rf.fed8dd9fd2b3659b2634a1a653213a9e.jpg", "605521662_a470fef77f_b_jpg.rf.b54bbd114ff286910e9ef7c7d0d3d5a3.jpg", "9210739293_2b0e0d991e_k_jpg.rf.1ad54eccf75f99603bf27d6504a14aed.jpg"], "all_boxes": [{"predictions": {"_type": "boxes2D", "path": "media/metadata/boxes2D/BoundingBoxDebugger_299_00.boxes2D.json", "sha256": "1d89d7b588135d5218eb93c3dda229a71f2f93741ac99a539788889709138e42", "size": 1625}}, {"predictions": {"_type": "boxes2D", "path": "media/metadata/boxes2D/BoundingBoxDebugger_299_10.boxes2D.json", "sha256": "0f0ca619a16631129d416c2f7e434ba8a8d7b983e162e1e90fc2dd24d7809ccd", "size": 6490}}, {"predictions": {"_type": "boxes2D", "path": "media/metadata/boxes2D/BoundingBoxDebugger_299_20.boxes2D.json", "sha256": "e8d90afc9904e4f69c059964f1abc12a4dab37c028c0fddc95e60f3672b86aa1", "size": 13193}}, {"predictions": {"_type": "boxes2D", "path": "media/metadata/boxes2D/BoundingBoxDebugger_299_30.boxes2D.json", "sha256": "7bcfd3cd5f57df0a18e44f489d7494f84224393c2990c5d782fec8879c7e8786", "size": 8221}}, {"predictions": {"_type": "boxes2D", "path": "media/metadata/boxes2D/BoundingBoxDebugger_299_40.boxes2D.json", "sha256": "9ed383beadcb787b18a99408d0fd504eed5e1da5338b92b635981bdab8768a3e", "size": 4686}}, {"predictions": {"_type": "boxes2D", "path": "media/metadata/boxes2D/BoundingBoxDebugger_299_50.boxes2D.json", "sha256": "40771f699916ffb3b2f042cd9e48f85988adc6c3328ff428f6273eb728f95214", "size": 9659}}, {"predictions": {"_type": "boxes2D", "path": "media/metadata/boxes2D/BoundingBoxDebugger_299_60.boxes2D.json", "sha256": "0d160335b19cbc8b9a8b2cd3095d05349b8a1eef650489fc2359ef061c49ef6d", "size": 5709}}, {"predictions": {"_type": "boxes2D", "path": "media/metadata/boxes2D/BoundingBoxDebugger_299_70.boxes2D.json", "sha256": "10fb69b2ff33a161ab532593eb4ed86e517bd2b4852f684919123c3e5702e232", "size": 3539}}, {"predictions": {"_type": "boxes2D", "path": "media/metadata/boxes2D/BoundingBoxDebugger_299_80.boxes2D.json", "sha256": "a7cc831a7a9ad16091c5fc75d0813f836a756e458f7f8209676277d2836af4ca", "size": 6319}}, {"predictions": {"_type": "boxes2D", "path": "media/metadata/boxes2D/BoundingBoxDebugger_299_90.boxes2D.json", "sha256": "3223be047ed88dd583fdf013e2af22c86328b80080a62deb0c65f4096cce7d79", "size": 7860}}, {"predictions": {"_type": "boxes2D", "path": "media/metadata/boxes2D/BoundingBoxDebugger_299_100.boxes2D.json", "sha256": "d1e1e45076142cd5172206c8cb608f7698b84d0c36c7c363aabf111fae22e0df", "size": 4127}}, {"predictions": {"_type": "boxes2D", "path": "media/metadata/boxes2D/BoundingBoxDebugger_299_110.boxes2D.json", "sha256": "ae84f6fc828ed6e4c31f2e6b5145a4ac023316f8ef9f2ce8ae17c2ac87aaf6f7", "size": 5506}}, {"predictions": {"_type": "boxes2D", "path": "media/metadata/boxes2D/BoundingBoxDebugger_299_120.boxes2D.json", "sha256": "a03a9b61377f4bc5aa0002c9499ccaa6991d56ba5bc64479c0739b5e841dc2ce", "size": 10235}}]}}